City_ID,City,Country,Max Temp,Current Description,Lat,Lng,Hotel Name
0,Bethel,US,40.5,few clouds,41.3712,-73.414,Courtyard by Marriott Danbury
1,Mataura,NZ,54.27,clear sky,-46.1927,168.8643,Ellie's Villa
2,Nyurba,RU,29.57,light snow,63.2842,118.3319,"–ì–æ—Å—Ç–∏–Ω–∏—Ü–∞ ""Comfort"""
3,Ayan,RU,19.99,few clouds,56.45,138.1667,Gostinitsa
4,Port-Gentil,GA,81.16,overcast clouds,-0.7193,8.7815,Fengshui Residence
5,Busselton,AU,75.85,clear sky,-33.65,115.3333,Observatory Guest House
6,Saint-Philippe,RE,83.79,scattered clouds,-21.3585,55.7679,"Chambres d'h√¥te ""La Trinit√©"""
7,Monopoli,IT,55.72,overcast clouds,40.9559,17.2896,Il Melograno
8,Bonthe,SL,76.91,overcast clouds,7.5264,-12.505,Bonthe Holiday Village
9,Kodiak,US,35.11,few clouds,57.79,-152.4072,Best Western Kodiak Inn And Convention Center
10,Cabedelo,BR,77.99,overcast clouds,-6.9811,-34.8339,Hotel Pigalle
12,Laguna,US,60.78,clear sky,38.421,-121.4238,"Holiday Inn Express & Suites Elk Grove Central - Hwy 99, an IHG Hotel"
13,Udachnyy,RU,23.45,overcast clouds,66.4167,112.4,Severnoye Siyaniye
14,Mahebourg,MU,84.49,broken clouds,-20.4081,57.7,Shandrani Beachcomber Resort & Spa
16,Ushuaia,AR,40.66,light intensity drizzle,-54.8,-68.3,Albatross Hotel
17,Mecca,SA,83.23,clear sky,21.4267,39.8261,"Makkah Clock Royal Tower, A Fairmont Hotel"
18,Dongzhen,CN,66.79,overcast clouds,22.3797,110.9389,ËåÇÂêç‰∏≠Ê±áÊó∂Â∞öÈÖíÂ∫ó
19,Severo-Kurilsk,RU,33.03,snow,50.6789,156.125,Kak Doma
20,Puerto Ayora,EC,77.38,light rain,-0.7393,-90.3518,Finch Bay Galapagos Hotel
21,Rikitea,PF,79.74,clear sky,-23.1203,-134.9692,People ThankYou
24,Vaini,TO,77.16,few clouds,-21.2,-175.2,Keleti Beach Resort
25,Sao Joao Da Barra,BR,75.88,broken clouds,-21.6403,-41.0511,Pousada Porto De Canoas
26,Hermanus,ZA,65.8,overcast clouds,-34.4187,19.2345,Misty Waves Boutique Hotel
27,Bluff,NZ,56.77,clear sky,-46.6,168.3333,Bluff Homestead - Guesthouse & Campervan Park
28,Lagoa,PT,58.89,scattered clouds,39.05,-27.9833,Casa Das Faias
31,Bredasdorp,ZA,67.01,broken clouds,-34.5322,20.0403,Bredasdorp Country Manor
33,Pangnirtung,CA,13.87,broken clouds,66.1451,-65.7125,Kilabuk Lodge
34,Kahului,US,71.83,clear sky,20.8947,-156.47,Maui Seaside Hotel
35,Kavieng,PG,82.27,moderate rain,-2.5744,150.7967,Nusa Island Retreat
36,Ilulissat,GL,21.22,overcast clouds,69.2167,-51.1,Hotel Arctic
38,Boguchany,RU,20.32,light snow,58.3814,97.4531,Uyut
39,Port Alfred,ZA,67.17,scattered clouds,-33.5906,26.891,The Halyards Hotel
40,Torbay,CA,33.58,few clouds,47.6666,-52.7314,Gallows Cove
41,Mocuba,MZ,76.93,light rain,-16.8392,36.9856,Phama Lodge
42,Faanui,PF,82.17,light rain,-16.4833,-151.75,Bora-Bora Pearl Beach Resort & Spa
43,Kaitangata,NZ,53.91,clear sky,-46.2817,169.8464,Kaitangata Motor Camp
46,Zhigansk,RU,17.17,overcast clouds,66.7697,123.3711,Gostinichnyy Kompleks Aylgy
47,Lorengau,PG,82.9,overcast clouds,-2.0226,147.2712,Lorengau Harbourside Hotel
48,Mehamn,NO,23.61,light snow,71.0357,27.8492,Mehamn Arctic Hotel AS
49,Moron,AR,60.98,clear sky,-34.6534,-58.6198,Hotel Mor√≥n
50,Haimen,CN,67.89,overcast clouds,23.1935,116.6142,Jinghao Business Hotel
51,Intipuca,SV,76.15,overcast clouds,13.1969,-88.0544,Tropiclub Playa El Cuco
52,Jalu,LY,61.99,clear sky,29.0331,21.5482,ÿµÿßÿ≠ÿ®ÿ© ÿßŸÑŸÅÿÆÿßŸÖÿ©
53,Najran,SA,72.25,scattered clouds,17.4924,44.1277,ŸÖÿ≠ŸÖÿØ ŸáÿßÿØŸä ÿßŸÑ ŸÅÿ∑Ÿäÿ≠
54,Port Moresby,PG,83.44,overcast clouds,-9.4431,147.1797,Lamana Hotel (Port Moresby)
55,College,US,35.8,few clouds,64.8569,-147.8028,Pike's Waterfront Lodge
56,Pasighat,IN,83.89,few clouds,28.0667,95.3333,Siang Guest House
57,New Norfolk,AU,77.88,clear sky,-42.7826,147.0587,The Shingles Riverside Cottages
59,Kendari,ID,79.47,light rain,-3.945,122.4989,Hotel Wixel
60,Scottsboro,US,45.55,few clouds,34.6723,-86.0341,Budget Inn
61,Derzhavinsk,KZ,30.31,overcast clouds,51.1,66.3167,Ooo.khim Baza
62,Santiago,CL,64.17,clear sky,-33.4569,-70.6483,Hotel Panamericano
63,Macusani,PE,38.93,overcast clouds,-14.0833,-70.4333,"Hospedaje ""Arca de Noe"""
64,Hobart,AU,78.22,clear sky,-42.8794,147.3294,St Ives Hobart Accommodation Tasmania
66,Hasaki,JP,59.4,overcast clouds,35.7333,140.8333,Inubosaki Kanko Hotel
67,Kaeo,NZ,66.33,broken clouds,-35.1,173.7833,Bushido Lodge
68,Alice Springs,AU,89.15,clear sky,-23.7,133.8833,Desert Palms Alice Springs
69,Portland,US,57.2,overcast clouds,45.5234,-122.6762,Embassy Suites by Hilton Portland Downtown
70,Victoria,HK,77.18,overcast clouds,22.2855,114.1577,Mini Hotel Central
71,Yellowknife,CA,0.41,light snow,62.456,-114.3525,The Explorer Hotel
72,Bilma,NE,71.38,overcast clouds,18.6853,12.9164,Expeditions T√©n√©re voyages
73,Punta Arenas,CL,41.11,overcast clouds,-53.15,-70.9167,Hotel Hain
74,Sao Filipe,CV,69.1,broken clouds,14.8961,-24.4956,Hotel Xaguate
75,Bowen,AU,81.21,clear sky,-20.0167,148.2333,Castle Motor Lodge Motel
76,Chuy,UY,60.49,clear sky,-33.6971,-53.4616,Nuevo Hotel Plaza
77,Mangalia,RO,53.8,scattered clouds,43.8,28.5833,Hotel Paradiso
78,New Albany,US,32.02,scattered clouds,38.2856,-85.8241,Hampton Inn New Albany Louisville West
79,Trofors,NO,27.93,snow,65.5333,13.4063,Utp√• Neset AS
80,Leh,IN,33.8,clear sky,34.1667,77.5833,Hotel Ladakh Greens
83,Chapais,CA,13.78,light snow,49.7834,-74.8492,H√¥tel Op√©miska
84,San Patricio,US,67.89,overcast clouds,28.017,-97.5169,"Motel 6 Sinton, TX"
85,Poso,ID,85.73,broken clouds,-1.3959,120.7524,Hotel 77 Poso
87,Narasannapeta,IN,97.32,clear sky,18.4167,84.05,AVK events and catering
88,Westport,US,41.81,broken clouds,41.1415,-73.3579,The Inn at Longshore
89,Cap-Aux-Meules,CA,32.02,light snow,47.3821,-61.8597,Ch√¢teau Madelinot
90,Moroni,KM,83.53,light rain,-11.7022,43.2551,Hotel les Arcades
91,Atuona,PF,79.21,few clouds,-9.8,-139.0333,Villa Enata
92,Hithadhoo,MV,82.31,clear sky,-0.6,73.0833,Scoop Guest House
93,Nikolskoye,RU,24.87,overcast clouds,59.7035,30.7861,Tourist House - Sablino
94,Cidreira,BR,62.56,clear sky,-30.1811,-50.2056,Hotel Castelo
95,Rio Gallegos,AR,39.25,clear sky,-51.6226,-69.2181,Hotel Santa Cruz
98,Rocky Mountain House,CA,26.71,scattered clouds,52.3668,-114.9188,Walking Eagle Inn & Lodge
99,Melita,CA,12.54,overcast clouds,49.2681,-100.9967,Western Star Hotel
100,Luganville,VU,80.53,overcast clouds,-15.5333,167.1667,The Espiritu Hotel
101,Jamestown,US,27.52,mist,42.097,-79.2353,Hampton Inn & Suites Jamestown
102,Klaksvik,FO,47.32,overcast clouds,62.2266,-6.589,Airbnb rooms
103,Chernyshevskiy,RU,24.87,light snow,63.0128,112.4714,Chernyseyskiy
104,Kirakira,SB,80.85,overcast clouds,-10.4544,161.9205,SanBiz Lodge
105,Karia,NG,73.18,overcast clouds,11.7306,11.1629,Kasakchiya Luxury Suites
106,Lasa,IT,44.02,clear sky,46.6166,10.7002,Pension Feldg√§rtenhof
107,Avarua,CK,80.65,few clouds,-21.2078,-159.775,Paradise Inn
109,Mount Isa,AU,94.77,clear sky,-20.7333,139.5,ibis Styles Mt Isa Verona
112,Bathsheba,BB,77.61,few clouds,13.2167,-59.5167,Atlantis Hotel
113,Ponta Do Sol,PT,64.0,overcast clouds,32.6667,-17.1,Hotel do Campo
114,Harper,LR,78.22,overcast clouds,4.375,-7.7169,Screensaver
115,East London,ZA,67.14,light intensity drizzle,-33.0153,27.9116,Tu Casa
116,Touros,BR,77.74,broken clouds,-5.1989,-35.4608,INN NEW HORIZON
117,Bengkulu,ID,86.05,clear sky,-3.8004,102.2655,Grage Hotel Bengkulu
118,Sao Jose Da Coroa Grande,BR,76.93,moderate rain,-8.8978,-35.1478,Cr√¥a Mares Hotel
120,Komsomolskiy,UZ,57.92,overcast clouds,40.4272,71.7189,Ikathouse
121,Kapaa,US,73.38,broken clouds,22.0752,-159.319,Sheraton Kauai Coconut Beach Resort
122,Upernavik,GL,16.68,overcast clouds,72.7868,-56.1549,Gina's Guesthouse - Upernavik
123,Kattivakkam,IN,95.09,clear sky,13.2167,80.3167,Euronova Freezer
124,Butaritari,KI,81.34,overcast clouds,3.0707,172.7902,Isles Sunset Lodge
125,Biak,ID,83.95,broken clouds,-0.9131,122.8766,Penginapan Kim
127,Kota Kinabalu,MY,81.88,thunderstorm,5.9749,116.0724,Gaya Centre Hotel
129,Los Llanos De Aridane,ES,62.35,few clouds,28.6585,-17.9182,Valle Aridane
130,Tasiilaq,GL,23.16,few clouds,65.6145,-37.6368,The Red House
131,Codrington,AU,73.35,overcast clouds,-38.2667,141.9667,Codrington Gardens Bed And Breakfast
132,Roma,US,34.95,light snow,43.2128,-75.4557,Wingate By Wyndham Rome
134,Batemans Bay,AU,70.11,light rain,-35.7167,150.1833,Batemans Bay Marina Resort
135,Elat,IL,62.44,clear sky,29.5581,34.9482,Club Hotel Eilat
137,Narsaq,GL,19.62,overcast clouds,60.9167,-46.05,Sleep In Narsaq
138,Kralendijk,BQ,80.58,broken clouds,12.15,-68.2667,Divi Flamingo Beach Resort & Casino
139,Souillac,MU,84.58,broken clouds,-20.5167,57.5167,Shanti Maurice Resort & Spa
140,Ahipara,NZ,63.41,broken clouds,-35.1667,173.1667,Ahipara Holiday Park
141,Cayenne,GF,80.1,broken clouds,4.9333,-52.3333,H√¥tel Le Dronmi
142,Bambanglipuro,ID,85.64,few clouds,-7.95,110.2833,Puri Brata
143,Geraldton,AU,77.41,light rain,-28.7667,114.6,Broadwater Mariner Resort
145,Arraial Do Cabo,BR,75.76,clear sky,-22.9661,-42.0278,Pousada Porto Praia
146,Kenai,US,36.14,overcast clouds,60.5544,-151.2583,Aspen Extended Stay Suites
147,Georgetown,MY,91.33,few clouds,5.4112,100.3354,Cititel Penang
148,Cabo San Lucas,MX,71.51,clear sky,22.8909,-109.9124,Hotel Tesoro Los Cabos
149,Veraval,IN,90.88,clear sky,20.9,70.3667,Lords Inn Somnath
150,Vila Velha,BR,76.95,clear sky,-20.3297,-40.2925,Hotel Vit√≥ria Palace
151,Birin,NP,73.63,scattered clouds,26.8865,88.0718,Sangam hotel and lodge
152,Tuatapere,NZ,54.61,clear sky,-46.1333,167.6833,Ron and Tony's Bed & Breakfast
153,Hihya,EG,61.12,clear sky,30.6713,31.588,ŸÖÿ∂ŸäŸÅÿ© ÿßŸÑŸÖÿ±ŸÉÿ≤
155,Yulara,AU,93.04,clear sky,-25.2406,130.9889,Desert Gardens Hotel - Ayers Rock Resort
156,Ribeira Grande,PT,59.4,scattered clouds,38.5167,-28.7,Quinta da Meia Eira
157,Itarema,BR,75.13,overcast clouds,-2.9248,-39.9167,"Sea Lounge! Bar, Club & Restaurant"
158,Yuzhno-Kurilsk,RU,40.77,overcast clouds,44.0306,145.8556,Guesthouse Berloga
159,Cape Town,ZA,72.12,clear sky,-33.9258,18.4232,"Radisson Blu Hotel Waterfront, Cape Town"
160,Havoysund,NO,26.83,light snow,70.9963,24.6622,Arctic View Glamping & Restaurant
161,Russell,US,56.48,clear sky,32.3502,-85.1999,Macs
162,Aswan,EG,68.4,clear sky,24.0934,32.907,Nuba Nile
163,Sambava,MG,83.5,overcast clouds,-14.2667,50.1667,Melrose
164,Karasjok,NO,14.11,scattered clouds,69.4719,25.5112,Karasjok camping AS
165,Castro,BR,58.14,broken clouds,-24.7911,-50.0119,CHACARA BAILLY
166,Jadu,LY,64.54,overcast clouds,31.953,12.0261,ÿßŸÖŸäÿßÿ≥ ŸÑŸÑÿµÿ±ÿßŸÅÿ©
168,Hilo,US,71.33,overcast clouds,19.7297,-155.09,Hilo Hawaiian Hotel
169,Anjozorobe,MG,69.03,overcast clouds,-18.4,47.8667,Mandritsara
171,Saint-Pierre,RE,84.9,broken clouds,-21.3393,55.4781,Lindsey H√¥tel
172,Mar Del Plata,AR,55.87,clear sky,-38.0023,-57.5575,Gran Hotel Mar del Plata
173,Igrim,RU,22.19,light snow,63.1906,64.4162,Obshchezhitiye Uchebno-Proizvodstvennogo Tsentra
174,Bandarbeyla,SO,82.87,clear sky,9.4942,50.8122,JABIR HOTEL
175,Saint George,US,64.99,clear sky,37.1041,-113.5841,Best Western Plus Abbey Inn
176,Atherton,GB,47.75,clear sky,53.5237,-2.4935,The Mercury Motel
177,Laguna De Duero,ES,43.39,few clouds,41.5815,-4.7233,Hotel Topacio
178,Vardo,NO,26.38,light snow,70.3705,31.1107,Vard√∏ Hotel AS
179,Lac Du Bonnet,CA,0.55,clear sky,50.2536,-96.0612,Drifter's Inn
180,Riyadh,SA,64.54,clear sky,24.6877,46.7219,"InterContinental Riyadh, an IHG Hotel"
182,Punta De Piedra,VE,75.36,overcast clouds,7.6176,-71.4916,Casa 7 Punta de Piedra
184,Padang,ID,87.85,clear sky,-0.9492,100.3543,Mercure Padang
185,Kurilsk,RU,34.39,overcast clouds,45.2333,147.8833,Hotel Ostrov
186,Iqaluit,CA,19.13,light snow,63.7506,-68.5145,Frobisher Inn
187,Urusha,RU,34.21,overcast clouds,54.05,122.9,Dom Otdykha Lokomotivnykh Brigad
188,Petropavlovsk-Kamchatskiy,RU,27.19,light shower snow,53.0452,158.6483,The Hotel Petropavlovsky
189,Okha,RU,27.91,light snow,53.5739,142.9478,Sakhalin-Sfera
191,Dagana,MR,64.47,scattered clouds,16.5165,-15.5068,Quartier Dille koumba fatim thiam
192,Te Anau,NZ,60.37,clear sky,-45.4167,167.7167,Kingsgate Hotel Te Anau
193,Khatanga,RU,3.42,broken clouds,71.9667,102.5,"""Khatanga"""
194,Meulaboh,ID,85.69,few clouds,4.1363,96.1285,Kost Pria
195,Port Hedland,AU,95.05,few clouds,-20.3167,118.5667,"The Esplanade Hotel (Accommodation section closed for refurbishment - Bar, Restaurant & Functions remain open)"
196,That Phanom,TH,93.22,few clouds,16.9364,104.7104,‡∏ì ‡∏ò‡∏≤‡∏ï‡∏∏‡∏û‡∏ô‡∏°‡πÄ‡∏û‡∏•‡∏™ Na That Panom Place Hotel
197,Mananara,MG,85.42,clear sky,-16.1667,49.7667,Chez Roger
198,Carira,BR,70.16,scattered clouds,-10.3608,-37.7011,Praca dos motorista
199,Havre-Saint-Pierre,CA,30.56,overcast clouds,50.2334,-63.5986,Auberge Niapiskau
200,Shelburne,CA,25.9,overcast clouds,44.0787,-80.2041,The Retreat at the Farm
201,Sao Lourenco Do Oeste,BR,51.8,clear sky,-26.3592,-52.8511,Poente Hotel
203,Rawson,AR,61.68,clear sky,-43.3002,-65.1023,Hosteria Sampedro
204,Broome,US,35.38,mist,42.2506,-75.833,Chenango Valley State Park
205,Charlottetown,CA,36.55,moderate rain,46.2352,-63.1267,Rodd Charlottetown
206,Longyearbyen,SJ,1.24,few clouds,78.2186,15.6401,"Radisson Blu Polar Hotel, Spitsbergen"
207,Shenjiamen,CN,54.0,overcast clouds,29.9576,122.298,Jinjiang Inn Zhoushan Putuo Shenjiamen
209,San Cristobal,VE,66.79,overcast clouds,7.7669,-72.225,Pirineos
210,Fort Nelson,CA,22.59,scattered clouds,58.8053,-122.7002,The Fort Nelson Hotel
211,Husavik,IS,27.7,light snow,66.0449,-17.3389,Bjarnab√∫√∞
213,Porto Velho,BR,75.25,few clouds,-8.7619,-63.9039,Ecos Hotel Conforto
215,Zhuanghe,CN,49.1,clear sky,39.7008,122.9911,Hanting Express Dalian Zhuanghe Qiansheng
217,Kruisfontein,ZA,61.88,clear sky,-34.0033,24.7314,Oyster Bay House Rental
218,Piacabucu,BR,76.95,clear sky,-10.4056,-36.4344,Pia√ßabu√ßu News
219,Homer,US,35.8,overcast clouds,59.6425,-151.5483,Beluga Lake Lodge
220,Lake Cowichan,CA,46.6,light rain,48.825,-124.0546,Boutique Waterfront Lodge
221,Hualmay,PE,69.4,overcast clouds,-11.0964,-77.6139,Hotel Villa Kitzia Huacho
222,Lebu,CL,54.61,overcast clouds,-37.6167,-73.65,Hostal Las Lilas
223,Port Elizabeth,ZA,67.32,broken clouds,-33.918,25.5701,39 On Nile Guest House
224,Bahia Blanca,AR,60.75,clear sky,-38.7196,-62.2724,Hotel Argos
225,Tulun,RU,26.11,overcast clouds,54.5611,100.5792,–ö–≤–∞—Ä—Ç–∏—Ä–∞
226,Abbeville,FR,48.16,clear sky,50.1,1.8333,H√¥tel Mercure Abbeville Centre - Porte de la Baie de Somme
227,Tarboro,US,40.91,clear sky,35.8968,-77.5358,SureStay Plus Hotel Tarboro by Best Western
228,Bubaque,GW,75.74,overcast clouds,11.2833,-15.8333,"Casa Dora, Bubaque"
229,Hami,CN,60.4,overcast clouds,42.8,93.45,Laoyutang Resort
230,Faya,SA,75.31,clear sky,18.3851,42.4509,ÿßŸÖŸÑÿßŸÉ ÿÆÿßŸÑÿØ ÿßŸÑÿ¥ÿπÿ¥Ÿàÿπ
231,Ayorou,NE,80.42,overcast clouds,14.7308,0.9174,Hotel Amenokal
233,Isla Vista,US,55.83,overcast clouds,34.4133,-119.861,Best Western Plus South Coast Inn
236,Tolaga Bay,NZ,60.8,overcast clouds,-38.3667,178.3,Tolaga Bay Motel
237,Pevek,RU,2.98,light snow,69.7008,170.3133,Severnoye Zoloto
238,Pinega,RU,17.89,overcast clouds,64.7001,43.3936,"Gostevoy Dom Ooo ""Pinezh'yeles"""
239,Manali,IN,95.09,clear sky,13.1667,80.2667,Sarathy Lodge
240,Tura,IN,92.88,clear sky,25.5198,90.2201,Hotel RIKMAN Continental
242,Baie-Comeau,CA,29.88,light snow,49.2168,-68.1489,Travelodge by Wyndham Baie-Comeau
244,Kutum,SD,63.12,clear sky,14.2,24.6667,Dibbo areaŸÖŸÜÿ∑ŸÇÿ© ÿØÿ®Ÿà
245,Durazno,UY,56.34,scattered clouds,-33.4131,-56.5006,Hotel Santa Cristina
246,Neryungri,RU,26.31,overcast clouds,56.6709,124.6491,Pyat' Zvozd
247,Manokwari,ID,80.49,overcast clouds,-0.8667,134.0833,Swiss Belhotel Manokwari
248,Lakhdenpokhya,RU,20.43,clear sky,61.5198,30.1992,Rauhala Place
249,Camacha,PT,58.42,scattered clouds,33.0833,-16.3333,Hotel Porto Santo & Spa
250,Fortuna,US,50.67,clear sky,40.5982,-124.1573,Super 8 by Wyndham Fortuna
251,Tsagan Aman,RU,49.19,overcast clouds,47.5639,46.7218,Tirupathi
253,Puerto Del Rosario,ES,60.55,few clouds,28.5004,-13.8627,Hotel JM Puerto del Rosario
254,Namibe,AO,74.7,overcast clouds,-15.1961,12.1522,Hotel Chik Chik Namibe
255,Mahajanga,MG,80.62,scattered clouds,-15.7167,46.3167,Restaurant Greedy Coco Lodge Majunga
256,Koson,UZ,57.52,clear sky,39.0375,65.585,Jamshid Orziev ning uyi
257,Kamaishi,JP,50.23,overcast clouds,39.2667,141.8833,Hotel Route Inn Kamaishi
258,Port Hardy,CA,46.58,overcast clouds,50.6996,-127.4199,Airport Inn-Port Hardy
259,Sinnamary,GF,76.57,overcast clouds,5.3833,-52.95,ALETHEIA Appartement Sinnamary
260,Oswego,US,33.94,overcast clouds,43.4501,-76.1497,S & E Mobile Home Park
261,Manakara,MG,83.66,clear sky,-22.1333,48.0167,La Residence Manakara
262,Santarem,BR,75.33,broken clouds,-2.4431,-54.7083,Hotel Imperador
264,Kushiro,JP,50.95,scattered clouds,42.975,144.3747,Toyoko Inn Kushiro Jujigai
265,Constitucion,CL,51.37,clear sky,-35.3333,-72.4167,Hotel Boutique Las Azucenas
266,Hervey Bay,AU,76.66,overcast clouds,-25.2986,152.8535,Shelly Bay Resort
267,Lucapa,AO,70.47,overcast clouds,-8.4192,20.7447,Resid√™ncia Ulisses Dos Santos
270,Ancud,CL,49.23,clear sky,-41.8697,-73.8203,Hotel Arena Gruesa
271,Sao Miguel Do Araguaia,BR,73.06,overcast clouds,-13.275,-50.1628,Hotel Executivo Palace
272,Santa Marta,CO,81.9,scattered clouds,11.2408,-74.199,Hotel La Ballena Azul
273,Nuevo Progreso,MX,59.54,clear sky,23.1667,-97.95,Balneario Rio el Paraiso
274,Carnarvon,AU,84.27,clear sky,-24.8667,113.6333,Hospitality Carnarvon
276,Isangel,VU,79.39,overcast clouds,-19.55,169.2667,Tanna Lodge
277,Grindavik,IS,36.07,overcast clouds,63.8424,-22.4338,Northern Light Inn & Max's Restaurant
278,Marsabit,KE,74.53,light rain,2.3284,37.9899,Chicho Hotel
279,Maniitsoq,GL,19.69,few clouds,65.4167,-52.9,Hotel Heilmann Lyberth
280,Smidovich,RU,31.41,snow,48.6,133.8167,Gostinnitsa
281,Bambous Virieux,MU,84.45,broken clouds,-20.3428,57.7575,Casa Tia Villa
283,Tukrah,LY,63.0,clear sky,32.5341,20.5791,Lagrota restaurant
284,Tagusao,PH,84.36,overcast clouds,9.1924,117.8141,Green Villa beach resort
285,Makakilo City,US,72.19,clear sky,21.3469,-158.0858,Marriott's Ko Olina Beach Club
286,Kozhva,RU,20.57,light snow,65.1073,57.0459,Gostinicha IP Kayuda Olga Aleksandrovna
288,Vaitape,PF,82.2,light rain,-16.5167,-151.75,Conrad Bora Bora Nui
289,Viedma,AR,64.18,clear sky,-40.8135,-62.9967,Hotel Cristal
290,Anzio,IT,63.99,overcast clouds,41.4853,12.6179,Hotel Lido Garda
291,Alexandria,EG,61.32,clear sky,31.2156,29.9553,Royal Crown Hotel
292,Khabary,RU,24.57,overcast clouds,53.6259,79.5345,Ip Kozbanov A.g.
293,Satchinez,RO,52.11,broken clouds,45.9375,21.0406,CƒÉlacea BƒÉi
295,Hay River,CA,10.38,light snow,60.8156,-115.7999,Ptarmigan Inn
296,Jumla,NP,72.54,clear sky,29.2747,82.1838,Royal Garden Hotel
297,Acapulco,MX,71.42,clear sky,16.8634,-99.8901,HS Hotsson Smart Acapulco
300,Alta Floresta,BR,69.93,heavy intensity rain,-9.8756,-56.0861,Floresta Amazonica Hotel
301,Abhar,IR,44.78,clear sky,36.1468,49.218,Hotel Got7
302,Carolina,PR,71.49,overcast clouds,18.3808,-65.9574,Motel Fantasy Star
303,Dubbo,AU,69.93,broken clouds,-32.25,148.6167,Quality Inn Dubbo International
305,Nuuk,GL,27.21,few clouds,64.1835,-51.7216,Vandrehuset
306,Kangasala,FI,26.33,overcast clouds,61.4638,24.076,Hepesa Oy
307,Mandalgovi,MN,44.22,clear sky,45.7625,106.2708,–í.–ì–∞–Ω–±–∞—Ç
308,Nakamura,JP,65.37,clear sky,32.9833,132.9333,Hotel Crown Hills Nakamura
309,Waipawa,NZ,54.21,overcast clouds,-41.4122,175.5153,Tora Coastal Walk
310,Pacific Grove,US,53.28,clear sky,36.6177,-121.9166,Lovers Point Inn
312,Karaman,TR,32.81,clear sky,37.0833,33.25,Gokce Koyu Muhtarligi
313,Saint-Joseph,RE,82.78,few clouds,-21.3667,55.6167,"""Plantation Bed and Breakfast"
314,Ardakan,IR,60.82,clear sky,32.31,54.0175,Ardakan Hotel
315,Vao,NC,76.41,broken clouds,-22.6667,167.4833,Hotel Kou-Bugny
316,Juneau,US,36.21,few clouds,58.3019,-134.4197,"Baranof Downtown, BW Signature Collection"
317,New London,US,41.81,overcast clouds,41.4834,-72.0662,Hyatt Place Mohegan Sun
318,Pyaozerskiy,RU,20.26,clear sky,65.8333,31.1667,Taratuga
319,Casablanca,MA,55.74,mist,33.5928,-7.6192,ŸÅŸÜÿØŸÇ ÿßŸÑÿ®Ÿäÿ™ ÿßŸÑŸÖÿ∫ÿ±ÿ®Ÿä ŸÉÿßÿ≤ÿ®ŸÑÿßŸÜŸÉÿß
320,Margate,GB,47.3,few clouds,51.3813,1.3862,Premier Inn Margate hotel
321,Shache,CN,61.63,clear sky,38.4167,77.2406,Delong Hotel
322,Yantarnyy,RU,40.75,overcast clouds,54.8717,19.9381,Sshloss Hotel Yantarny
323,Svetlogorsk,BY,30.88,overcast clouds,52.6333,29.7333,Hotel Svetlogorsk JBIK
325,Cururupu,BR,74.05,overcast clouds,-1.8283,-44.8683,POUSADA TRAV√âS'CIA
326,Bridlington,GB,48.0,scattered clouds,54.0831,-0.1919,Expanse Bridlington Seafront Hotel
328,Belyy Yar,RU,30.85,clear sky,53.6039,91.3903,Pasportnyy Stol
329,Oktyabrskoye,RU,51.94,clear sky,43.0645,44.7417,Prolesok Mini-hotel
330,Savannah Bight,HN,77.4,broken clouds,16.45,-85.85,Villa on Dunbar Rock
332,Nizwa,OM,93.52,clear sky,22.9333,57.5333,Orient Apartments
333,Mahanoro,MG,84.61,few clouds,-19.9,48.8,BUNGALOW MAHAMANINA
334,Guerrero Negro,MX,58.57,clear sky,27.9769,-114.0611,"Casa Laguna, Bed & Breakfast"
335,Paamiut,GL,18.75,clear sky,61.994,-49.6678,Pistut
337,Segou,ML,85.55,overcast clouds,13.4317,-6.2157,Comme chez soi
339,Katsuura,JP,57.7,overcast clouds,35.1333,140.3,Katsuura Hotel Mikazuki
340,Bozhou,CN,60.15,overcast clouds,33.8772,115.7703,Haitian Hotel
341,Roberval,CA,29.03,light snow,48.5168,-72.2324,H√¥tel Ch√¢teau Roberval
342,Morondava,MG,83.68,clear sky,-20.2833,44.2833,La Case Bambou
343,Mount Gambier,AU,76.78,overcast clouds,-37.8333,140.7667,The Commodore
344,Necochea,AR,53.96,clear sky,-38.5473,-58.7368,dyd -mar Hotel
345,Tinaquillo,VE,73.89,overcast clouds,9.9186,-68.3047,Hotel Los Copihues
346,Sitka,US,39.09,few clouds,57.0531,-135.33,Westmark Sitka
347,Half Moon Bay,US,55.33,clear sky,37.4636,-122.4286,"The Ritz-Carlton, Half Moon Bay"
348,Villa Rica,US,49.68,clear sky,33.7321,-84.9191,Days Inn by Wyndham Villa Rica
349,Labelle,US,62.62,clear sky,26.7617,-81.4384,Port LaBelle Inn
350,Krasnoselkup,RU,11.84,broken clouds,65.7,82.4667,Krasnosel'kupnefteprodukt
351,Innisfail,AU,80.91,clear sky,-17.5333,146.0333,Moondarra Motel
352,Ketchikan,US,39.67,broken clouds,55.3422,-131.6461,Snow's Cove Lodge
353,Santa Rosa,PH,93.18,broken clouds,14.3122,121.1114,Erlyn‚Äôs Sta Rosa City Home
354,Grand Gaube,MU,84.6,clear sky,-20.0064,57.6608,Veranda Paul et Virginie Hotel & Spa
355,Luxor,EG,66.69,clear sky,25.6989,32.6421,Iberotel Luxor
356,Ranong,TH,91.33,scattered clouds,9.9658,98.6348,Tinidee Hotel@Ranong
357,Diego De Almagro,CL,63.48,clear sky,-26.3667,-70.05,hotel luna del desierto
358,Bahia Honda,CU,67.98,clear sky,22.9036,-83.1592,Casa Gualberto - Deysi
359,Matay,EG,62.24,clear sky,28.419,30.7792,Nag Aespen
360,Lompoc,US,52.79,overcast clouds,34.6391,-120.4579,"Holiday Inn Express Lompoc, an IHG Hotel"
361,Amga,RU,27.55,overcast clouds,60.8953,131.9608,Algys
362,Olinda,BR,76.73,broken clouds,-8.0089,-34.8553,Flat Quatro Rodas Olinda
363,Amahai,ID,83.86,moderate rain,-3.3333,128.9167,HOTEL ISABELA
364,Uren,RU,31.8,overcast clouds,57.4552,45.7852,Kseal'
366,Esperance,AU,64.24,light rain,-33.8667,121.9,Hospitality Esperance
367,Svetlyy,RU,40.96,broken clouds,54.675,20.1347,"Gostinitsa-Kafe, Alena"
368,Pine Bluff,US,49.95,clear sky,34.2284,-92.0032,"Holiday Inn Express & Suites Pine Bluff, an IHG Hotel"
369,Mackay,AU,79.68,scattered clouds,-21.15,149.2,International Lodge Motel
370,Ciudad Bolivar,VE,75.49,overcast clouds,8.1222,-63.5497,Hotel Edi
372,Talnakh,RU,20.21,few clouds,69.4865,88.3972,Talnakh Hotel
373,Gravdal,NO,31.6,light snow,68.1214,13.5031,Skreda Rorbusuiter
375,Tual,ID,82.45,very heavy rain,-5.6667,132.75,Grand Vilia Hotel
376,Borova,UA,36.34,overcast clouds,50.1763,30.1043,"Villa ""Stuhna"""
377,Sao Sebastiao,BR,76.77,overcast clouds,-23.76,-45.4097,Hotel Recanto dos P√°ssaros
378,George,ZA,63.95,clear sky,-33.963,22.4617,Protea Hotel by Marriott George King George
379,Porto Novo,BJ,82.87,scattered clouds,6.4965,2.6036,Tour Eiffel Hotel Benin
380,Salalah,OM,84.29,clear sky,17.0151,54.0924,"HAMDAN PLAZA HOTEL SALALAH, an HTG Hotel"
381,Ixtapa,MX,68.23,clear sky,20.7,-105.2,hotel la terminal
382,Mabaruma,GY,71.04,overcast clouds,8.2,-59.7833,Monty Brooms Guest House
383,Katsina,NG,72.68,few clouds,12.9894,7.6006,Katsina Motel
384,Holme,DK,41.18,few clouds,56.1138,10.1725,Hotel Ritz Aarhus City
385,Qujing,CN,45.16,overcast clouds,25.4833,103.7833,Yulong Hotel
386,Faro,PT,56.98,few clouds,37.0194,-7.9322,Hotel Faro & Beach Club
387,Cairns,AU,86.07,few clouds,-16.9167,145.7667,Mantra Trilogy Cairns
388,Mackenzie,CA,32.22,overcast clouds,55.2999,-123.1698,Hilton Shop
389,Alofi,NU,76.89,overcast clouds,-19.0595,-169.9187,Taloa Heights
390,Karlskoga,SE,34.92,overcast clouds,59.3267,14.5239,Hotel Alfred Nobel
391,Kapra,IN,95.7,few clouds,17.4846,78.561,Hotel Swagath Grand - Dr AS Rao Nagar
392,Chifeng,CN,45.9,clear sky,42.2683,118.9636,Junyu Tiancheng Hotel
393,Ust-Ilimsk,RU,20.16,light snow,58.0006,102.6619,AleNat Center
394,Wenling,CN,55.76,overcast clouds,28.3669,121.36,Hanting Express Wenling Wanchang North Road
395,Santa Isabel Do Rio Negro,BR,73.36,overcast clouds,-0.4139,-65.0192,Hotel GSA
396,Maku,IR,36.21,clear sky,39.2911,44.4521,Maku Tourist Hotel Entrance
397,Blagodarnyy,RU,48.81,broken clouds,45.0978,43.4364,"Gostinitsa ""Grand Otel'"""
398,Voskresenskoye,RU,32.5,overcast clouds,56.8381,45.4317,AOM OTABIXA –í–û–°–ö–†–ï–°–ï–ù–°–ö–û–ï –û–î–ú–û–°–ö–û–í–¨–ï
399,Oudtshoorn,ZA,62.96,clear sky,-33.5907,22.2014,Earthbound Guest House
400,Zile,TR,38.79,clear sky,40.3031,35.8864,Zile √ñƒüretmen evi
401,Analipsis,GR,61.43,clear sky,35.3167,25.5667,Castello Village Resort
402,Basco,PH,81.7,clear sky,20.4487,121.9702,Nathaniel's Lodge
403,Mandera,KE,89.6,overcast clouds,3.9366,41.867,Hiren Hotel Mandera
404,Pontes E Lacerda,BR,68.29,few clouds,-15.2261,-59.3353,Hotel Bressan
405,Nicoya,CR,75.85,overcast clouds,10.1483,-85.452,Las Cabinas Del Sue√±o
406,Bellevue,US,53.58,overcast clouds,47.6104,-122.2007,The Westin Bellevue
407,Demirci,TR,45.07,clear sky,39.0461,28.6589,Sungur Otel
408,Richards Bay,ZA,76.53,clear sky,-28.783,32.0377,BON Hotel Waterfront Richards Bay
410,Mana,GF,76.15,overcast clouds,5.6592,-53.7767,LE SAMANA
411,Natal,BR,75.85,scattered clouds,-5.795,-35.2094,Villa Park Hotel | Natal
413,Iquitos,PE,75.24,broken clouds,-3.7481,-73.2472,Cortez Malaga Techy Caroly
414,Santiago Del Estero,AR,58.96,clear sky,-27.7951,-64.2615,Apartamentos Castelli 90
415,Shawville,CA,30.85,overcast clouds,45.6001,-76.4827,Shawville Hotel
416,Qaqortoq,GL,19.49,overcast clouds,60.7167,-46.0333,Siniffik Inn
417,Amantea,IT,60.85,overcast clouds,39.1332,16.0746,Mediterraneo Palace Hotel
418,Adamas,GR,57.2,clear sky,36.7333,24.4333,Aphrodite of Milos
420,Soverato,IT,57.15,overcast clouds,38.685,16.5499,Hotel San Domenico
421,Ouro Preto Do Oeste,BR,72.09,overcast clouds,-10.7481,-62.2158,Gra√∫na Resort Hotel
422,Loreto,MX,53.04,clear sky,22.2667,-101.9667,Jos√© de Jes√∫s Vel√°squez mora
424,Paramirim,BR,68.05,overcast clouds,-13.4425,-42.2389,Pousada Rio Pequeno
425,Plettenberg Bay,ZA,67.68,clear sky,-34.0527,23.3716,Thanda Vista B&B
426,Coihaique,CL,45.21,few clouds,-45.5752,-72.0662,Diego De Almagro Coyhaique
427,Avon Park,US,57.0,clear sky,27.5959,-81.5062,Econo Lodge Sebring
428,Mlonggo,ID,84.92,few clouds,-6.5333,110.7,Asia Metal Art
429,Methven,NZ,56.01,clear sky,-43.6333,171.65,Brinkley Resort
431,Bud,US,32.02,overcast clouds,39.447,-86.1758,Ted McQuinn Trust
432,Poronaysk,RU,32.16,snow,49.2167,143.1167,Avtovokzal Khostel Stolovaya
433,Skibbereen,IE,50.11,clear sky,51.55,-9.2667,The West Cork Hotel
434,Flinders,AU,71.19,light rain,-34.5833,150.8552,Shellharbour Resort & Conference Centre
436,Dukhovnitskoye,RU,33.89,snow,52.4828,48.2137,"Gostevoy Dom,, Mechta,,"
437,Saldanha,ZA,67.55,broken clouds,-33.0117,17.9442,Blue Bay Lodge
439,Coahuayana,MX,66.61,clear sky,18.7333,-103.6833,El rranchito michuacan de ocampos
440,Ipixuna,BR,73.24,overcast clouds,-1.7625,-48.8043,Chal√© do Mato
441,Dudinka,RU,20.62,overcast clouds,69.4058,86.1778,Hotel Viktoria
443,Nanortalik,GL,25.32,overcast clouds,60.1432,-45.2371,Hotel Kap Farvel
444,Reitz,ZA,65.03,clear sky,-27.8014,28.4273,The Lillies Guesthouse
447,Upata,VE,69.78,overcast clouds,8.0086,-62.3989,Posada Villa Nela
449,Trenggalek,ID,85.66,overcast clouds,-8.05,111.7167,OYO 2966 Hotel Atriaz
450,Xuddur,SO,83.34,scattered clouds,4.1213,43.8894,Banjanay Hotel
451,Saint-Francois,FR,49.68,mist,46.4154,3.9054,Manoir Du Bonheur
452,Belmonte,BR,77.13,broken clouds,-15.8631,-38.8828,Pousada Monte Carmelo O P√£o
453,Road Town,VG,73.99,broken clouds,18.4167,-64.6167,"ZINGARA 76ft Catamaran, full crew-all included"
454,Arua,UG,75.67,light rain,3.0201,30.9111,Golden Courts Hotel
455,Chabahar,IR,82.56,clear sky,25.2919,60.643,Ÿáÿ™ŸÑ ⁄ØÿØÿ±Ÿàÿ¥€åÿß
456,Ojinaga,MX,68.95,clear sky,29.5667,-104.4167,Suites Las Palmas
457,Sur,OM,87.4,clear sky,22.5667,59.5289,Sur Plaza Hotel
458,Ngawen,ID,86.79,scattered clouds,-7.0032,111.3129,Bu Sarpi serabi
459,Christchurch,NZ,60.94,broken clouds,-43.5333,172.6333,The George
460,Ahuimanu,US,73.36,few clouds,21.4447,-157.8378,Paradise Bay Resort
461,Wanning,CN,83.66,few clouds,18.8003,110.3967,Paradise Hotel
462,Waddan,LY,62.62,clear sky,29.1614,16.139,ŸÖÿ≠ŸÑ ÿßŸÑÿ¥ÿ±ŸäŸÅ ŸÖÿ≠ŸÖÿØ ÿßŸÑÿπÿßŸäÿ®
463,Ugento,IT,55.47,overcast clouds,39.9263,18.1574,Porta Paradiso
464,Sibu,MY,89.91,scattered clouds,2.3,111.8167,RH HOTEL (4 Star)
465,Shimoda,JP,62.96,broken clouds,34.6667,138.95,Shimoda Tokyu Hotel
466,Cherskiy,RU,1.24,overcast clouds,68.75,161.3,Gostinitsa
467,Andenes,NO,28.38,few clouds,69.3143,16.1194,Hotell Marena
468,Nouakchott,MR,57.13,overcast clouds,18.0858,-15.9785,HOTEL IMAN
469,Yei,SS,77.92,light rain,4.095,30.6779,City Link Hotel
470,Pisco,PE,66.25,clear sky,-13.7,-76.2167,Hotel San Isidro Oficial
471,Verkhnevilyuysk,RU,27.07,overcast clouds,63.4453,120.3167,Gostinitsa Mila
472,Kingaroy,AU,69.22,broken clouds,-26.5333,151.8333,Ascot Lodge Motel Kingaroy
473,Takoradi,GH,79.56,overcast clouds,4.8845,-1.7554,Raybow International Hotel
475,Sorland,NO,31.86,light snow,67.667,12.6934,Sjybrygga fiskecamp
476,Itupeva,BR,66.27,broken clouds,-23.1531,-47.0578,Itupeva Plaza Hotel
477,Samarai,PG,85.44,overcast clouds,-10.6167,150.6667,Nuli Sapi
478,Brae,GB,47.07,broken clouds,60.3964,-1.353,Busta House Hotel
480,Shu,KZ,52.36,broken clouds,43.5983,73.7614,Shyngyzkhan
482,Nikel,RU,19.58,broken clouds,69.4128,30.222,Severnoe Siyanie
483,Suntar,RU,31.06,overcast clouds,62.1444,117.6319,–ì–æ—Å—Ç–µ–≤–∞—è –∫–≤–∞—Ä—Ç–∏—Ä–∞
484,Winder,US,49.3,clear sky,33.9926,-83.7202,Jameson Inn Winder
485,Dangriga,BZ,70.05,clear sky,16.9692,-88.2321,Chaleanor Hotel
486,Cockburn Town,TC,76.93,few clouds,21.4612,-71.1419,Osprey Beach Hotel
487,San Carlos De Bariloche,AR,49.75,scattered clouds,-41.1456,-71.3082,Hotel Patagonia
488,Gannan,CN,44.58,overcast clouds,47.9147,123.5031,Gannan Supply and Marketing Cooperatives Hostel
489,Yuncheng,CN,64.27,overcast clouds,35.0231,110.9928,ÊôãÂ∑ûÂø´Êç∑ÈÖíÂ∫ó
490,Kainantu,PG,67.51,overcast clouds,-6.2887,145.8655,Sylvester buku
491,Dehloran,IR,63.3,clear sky,32.6941,47.2679,⁄©ÿßŸÅŸá ⁄Ø€åŸÖ ÿßÿ≥ÿ™Ÿàÿ±ŸÖ
493,Buala,SB,79.97,light rain,-8.145,159.5921,Maringe Lagoon Lodge
495,Itoman,JP,68.4,broken clouds,26.1247,127.6694,Southern Beach Hotel & Resort Okinawa
496,Tahoua,NE,77.22,scattered clouds,14.8888,5.2692,Bungalows Guesthouse
497,Bentiu,SS,85.73,overcast clouds,9.2333,29.8333,Mandela h√¥tel
498,Muscle Shoals,US,46.54,clear sky,34.7448,-87.6675,Microtel Inn & Suites by Wyndham Tuscumbia/Muscle Shoals
499,Mbuguni,TZ,76.59,light rain,-3.5667,36.95,kaza Moyo Modern Resort
500,Okato,NZ,61.92,clear sky,-39.2,173.8833,Goodin Country Garden
501,West Bay,KY,78.01,broken clouds,19.3667,-81.4167,Calypso Cove
502,Constantine,DZ,49.41,clear sky,36.365,6.6147,Grand Hotel Cirta
504,Murdochville,CA,23.88,overcast clouds,48.9583,-65.5006,Les Suites √©conomique Murdochville
506,Kirovohrad,UA,36.97,overcast clouds,48.5132,32.2597,Reikartz –ö—Ä–æ–ø–∏–≤–Ω–∏—Ü—å–∫–∏–π
507,Majene,ID,87.06,scattered clouds,-3.5403,118.9707,Kost Putri RABBANI
508,Antofagasta,CL,64.56,few clouds,-23.65,-70.4,"Holiday Inn Express Antofagasta, an IHG Hotel"
509,Pirot,RS,52.97,clear sky,43.1531,22.5861,Sin-Kom Hotel Garni
510,Russellville,US,45.18,clear sky,35.2784,-93.1338,Hampton Inn Russellville
512,Puerto Escondido,MX,77.74,overcast clouds,15.85,-97.0667,Aldea del Bazar Hotel and Spa
513,Shahpura,IN,99.39,clear sky,27.3833,75.9667,Shahpura Haveli
516,Thunder Bay,CA,6.78,clear sky,48.4001,-89.3168,Victoria Inn Hotel and Convention Centre
517,Port Lincoln,AU,74.08,overcast clouds,-34.7333,135.8667,Port Lincoln Hotel
518,Nelson Bay,AU,72.0,light rain,-32.7167,152.15,Mantra Nelson Bay
519,Namatanai,PG,83.57,broken clouds,-3.6667,152.4333,Seagulls Inn Namatani
520,Talas,TR,32.67,clear sky,38.6908,35.5538,Fimaj Residence
521,Barra Do Garcas,BR,71.98,overcast clouds,-15.89,-52.2567,Pousada Tropical
522,Alihe,CN,37.44,overcast clouds,50.5667,123.7167,Alihe Forestry Hotel
523,Sotouboua,TG,77.97,clear sky,8.5667,0.9833,Auberge M√©dina
524,Krasnoarmeysk,RU,34.11,overcast clouds,51.0239,45.6969,"Hotel ""Your home-Balzer"""
525,Paita,PE,72.55,overcast clouds,-5.0892,-81.1144,Hotel N√°utico de Paita
526,Oistins,BB,77.09,few clouds,13.0667,-59.5333,Butterfly Beach Hotel
527,Santa Cruz,BO,67.46,broken clouds,-17.8,-63.1667,Aviador Hotel Boutique
528,Palmer,US,40.93,overcast clouds,42.1584,-72.3287,Wedgewood Motel
530,Ca Mau,VN,91.76,overcast clouds,9.1769,105.15,Kh√°ch S·∫°n M∆∞·ªùng Thanh Luxury C√† Mau
531,Pringsewu,ID,88.14,broken clouds,-5.3582,104.9744,Urban Style by Front One
532,Zwedru,LR,73.11,overcast clouds,6.0667,-8.1281,Elijah Worjloh
534,Bleiswijk,NL,47.05,overcast clouds,52.0108,4.5319,Herstelhotel Medisch Hart Bleiswijk
535,Sao Borja,BR,58.95,clear sky,-28.6606,-56.0044,Hotel Executivo
537,Tatarskaya Kargala,RU,32.05,overcast clouds,51.9495,55.1731,Sanatorium Rosinka
538,Jacareacanga,BR,72.61,overcast clouds,-6.2222,-57.7528,Casa do Ianüòé
539,Murzzuschlag,AT,49.06,clear sky,47.6,15.6833,Millenium Inn Apartments
540,Ugoofaaru,MV,82.31,clear sky,5.6667,73.0,Ungoofaaru Inn
541,Eureka,US,54.68,overcast clouds,40.8021,-124.1637,Eureka Inn Trademark By Wyndham
543,Shingu,JP,66.97,clear sky,33.7333,135.9833,Shingu UI Hotel
544,Zaraza,VE,77.09,overcast clouds,9.3503,-65.3245,Hotel Zaraza
545,Dingle,PH,87.82,light rain,10.9995,122.6711,SEGAYA PROPERTY
546,Sao Felix Do Xingu,BR,70.77,overcast clouds,-6.6447,-51.995,Rio Xingu Camping
547,Pyapon,MM,97.97,overcast clouds,16.2833,95.6833,Aung Naing Thu Motel
548,Pontarlier,FR,46.9,clear sky,46.8333,6.25,Gites Les Espaces
549,Hammerfest,NO,23.45,few clouds,70.6634,23.6821,Skytterhuset
550,Puerto Colombia,CO,78.89,clear sky,10.9878,-74.9547,Hotel El Emigrante
551,Longfeng,CN,42.78,overcast clouds,46.55,125.1167,Daqing Langtaosha Hotspring Holiday Resort
553,Waitati,NZ,58.8,scattered clouds,-45.75,170.5667,Arden Country House BnB Dunedin
554,Nhulunbuy,AU,79.41,broken clouds,-12.2333,136.7667,East Arnhem Real Estate
555,Teknaf,BD,87.94,broken clouds,20.8624,92.3058,Forestry Guesthouse
556,Byron Bay,AU,72.72,light rain,-28.65,153.6167,Backpackers Inn
557,Simao,CN,71.65,overcast clouds,22.7886,100.9748,Changyu Hotel
559,Sungaipenuh,ID,84.49,clear sky,-2.0833,101.3833,Penginapan Citra Alam
560,Hengyang,CN,52.05,overcast clouds,26.8881,112.615,Honglin Guesthouse
561,Coquimbo,CL,61.57,few clouds,-29.9533,-71.3436,Hotel San Juan
562,Kavaratti,IN,82.74,scattered clouds,10.5669,72.642,Hotels in Lakshadweep Islands
563,Lichinga,MZ,71.69,broken clouds,-13.3128,35.2406,Residencial Bendiak
565,Roald,NO,49.75,broken clouds,62.5833,6.1333,Flem Cabins
566,Vangaindrano,MG,82.44,clear sky,-23.35,47.6,Hotel Fanilo
567,Port Keats,AU,90.14,overcast clouds,-14.25,129.55,TDC Village (Hundred Man Camp)
568,Omboue,GA,79.68,overcast clouds,-1.5746,9.2618,Hotel Olako
569,Port Blair,IN,87.84,haze,11.6667,92.75,"Welcomhotel By ITC Hotels, Bay Island, Port Blair"
570,Ginir,ET,71.78,overcast clouds,7.1333,40.7,Sura Dare Village
572,Bignona,SN,68.54,overcast clouds,12.8103,-16.2264,H√¥tel Palmier
573,Norrkoping,SE,38.93,overcast clouds,58.5942,16.1826,The Lamp Hotel
574,Gitega,BI,69.1,scattered clouds,-3.5,29.95,Le QUINQUINA
575,Kristiansund,NO,47.05,light rain,63.1115,7.732,Thon Hotels Storgata
576,Acari,PE,71.58,scattered clouds,-15.4311,-74.6158,HOSPEDAJE XIMENA
577,Tooele,US,62.19,clear sky,40.5308,-112.2983,"Holiday Inn Express & Suites Tooele, an IHG Hotel"
578,Hirara,JP,69.66,broken clouds,24.8,125.2833,Hotel Atoll Emerald Miyakojima
579,Marawi,PH,69.49,overcast clouds,7.9986,124.2928,Derogongan Residence
580,Auki,SB,79.2,overcast clouds,-8.7676,160.7034,Auki Motel
581,Mahina,PF,80.37,light rain,-17.5065,-149.489,Relais de la Maroto
582,Shubarkuduk,KZ,31.5,scattered clouds,49.1447,56.4872,Sirius
585,Kostyantynivka,UA,39.6,broken clouds,48.5277,37.7069,–ú–æ—Ç–µ–ª—å
586,Cabral,DO,71.1,few clouds,18.25,-71.2167,galvin feliz
587,San Quintin,MX,57.52,few clouds,30.4833,-115.95,Don Eddie's Sport Fishing Center
588,Sumenep,ID,85.59,scattered clouds,-7.0167,113.8667,OYO 3271 Homestay Pandian
589,Korla,CN,56.88,overcast clouds,41.7597,86.1469,Gulisitan Hotel
590,Yanam,IN,99.86,clear sky,16.7333,82.2167,The Regency Hotel
591,Vrangel,RU,39.31,overcast clouds,42.7297,133.0839,"–û—Ç–µ–ª—å ""–ë–ê–õ–ò"""
592,Kupang,ID,84.38,scattered clouds,-10.1667,123.5833,Hotel On The Rock by Prasanthi
593,Huarmey,PE,70.72,overcast clouds,-10.0681,-78.1522,Hotel Miramar
595,Safford,US,63.52,clear sky,32.834,-109.7076,SpringHill Suites by Marriott Thatcher
596,Lata,PT,48.07,clear sky,40.1629,-8.3327,Casa Maquia
597,Dwarka,IN,87.6,clear sky,22.2394,68.9678,Hotel Narayan Avezika Comfort
598,Abonnema,NG,83.34,light rain,4.7084,6.7931,Corper's Lodge Obonoma
599,Sao Gabriel Da Cachoeira,BR,72.57,overcast clouds,-0.1303,-67.0892,Alarne - √Årea De Lazer Do Alto Rio Negro
600,Kindu,CD,77.59,overcast clouds,-2.95,25.95,R√©sidence Okanda
601,Iberia,US,55.47,mist,29.9502,-91.7507,back to back rv park
602,Port Alberni,CA,46.8,overcast clouds,49.2413,-124.8028,Somass Motel & RV
604,Vaasa,FI,28.94,clear sky,63.096,21.6158,Hotel Astor
605,Pingzhuang,CN,46.4,clear sky,42.0372,119.2889,Haoke Guest House
606,High Level,CA,11.03,overcast clouds,58.5169,-117.136,Days Inn by Wyndham High Level
607,Manaira,BR,66.06,overcast clouds,-7.7061,-38.1544,Pousada Irer√™
608,Kukmor,RU,32.9,snow,56.1855,50.8944,Guest house near Ski Resort
609,Hobyo,SO,83.91,clear sky,5.3505,48.5268,Iftin hotel hobyo
610,Timberlake,US,37.09,few clouds,37.3207,-79.2575,Timberlake Motel
611,Asyut,EG,65.25,clear sky,27.181,31.1837,ŸÅŸÜÿØŸÇ ŸÖŸäÿ≥ ÿ•Ÿäÿ¨Ÿäÿ®ÿ™ Miss Egypt Hotel
612,Tautira,PF,81.73,light rain,-17.7333,-149.15,Pension Oaoa
613,Taganak,PH,87.94,overcast clouds,6.0833,118.3,Taganak
617,Yagodnoye,RU,4.01,scattered clouds,62.55,149.6667,–ì–æ—Å—Ç–µ–≤–æ–π –¥–æ–º
619,Plouzane,FR,46.45,mist,48.3833,-4.6167,Lymina
620,Nishihara,JP,67.68,broken clouds,26.1842,127.7558,Minshuku Agaihama
621,Denpasar,ID,85.71,scattered clouds,-8.65,115.2167,OYO 3156 Hotel Warta 2
622,Erzin,TR,50.79,clear sky,36.9559,36.2,Artemis Otel
623,Deputatskiy,RU,2.37,broken clouds,69.3,139.9,Baza Otdykha
624,Hemsedal,NO,31.39,overcast clouds,60.8629,8.5534,Skarsnuten Hotel
625,Kochki,RU,23.92,overcast clouds,54.3358,80.4806,–ì–æ—Å—Ç–∏–Ω–∏—Ü–∞ ¬´–ú–∞–ª–∏–Ω–∞¬ª
626,Buchanan,LR,76.19,overcast clouds,5.8808,-10.0467,Kamaneahn Hotel Inc
627,Sao Raimundo Nonato,BR,73.47,broken clouds,-9.0153,-42.6994,Real Hotel
628,Prince Rupert,CA,42.89,overcast clouds,54.3161,-130.3201,Crest Hotel
629,Novopokrovka,UA,34.34,overcast clouds,49.8425,36.5477,–ü—É–¥–∂ –¥–æ–º
630,Naze,JP,67.12,scattered clouds,28.3667,129.4833,Shishime Hotel
632,Kalmunai,LK,85.87,few clouds,7.4167,81.8167,VS Villa
633,Puerto Quijarro,BO,68.92,overcast clouds,-17.7833,-57.7667,Hotel palance
634,Charters Towers,AU,90.93,light rain,-20.1,146.2667,Cattleman's Rest Motor Inn
635,Tiarei,PF,80.62,light rain,-17.5333,-149.3333,Le Rocher de Tahiti
636,Zhezkazgan,KZ,35.58,overcast clouds,47.8043,67.7144,Hotel Zumrat
637,Sistranda,NO,44.56,overcast clouds,63.7256,8.834,Hotell Fr√∏ya
639,Dengzhou,CN,45.52,clear sky,37.8086,120.7508,Greentree Inn Penglai Free Harbor Business Hotel
640,Karratha,AU,89.28,light rain,-20.7377,116.8463,ibis Styles Karratha
641,Launceston,AU,71.24,clear sky,-41.45,147.1667,Hotel Grand Chancellor Launceston
642,Wuning,CN,52.34,overcast clouds,29.2589,120.2311,Fu Du Hotel
644,Boyolangu,ID,84.88,broken clouds,-8.1181,111.8935,Yos ega cv
645,Santa Fe,AR,59.99,light rain,-31.6333,-60.7,Conquistador Hotel
646,Visby,SE,34.02,overcast clouds,57.6409,18.296,Best Western Solhem Hotel Visby
647,Dogbo,BJ,78.84,few clouds,6.8167,1.7833,Maison des visiteurs / auberge chez ESI ONG/ pro dogbo e.V.
648,Pingliang,CN,57.58,broken clouds,35.5392,106.6861,North Gate Hostel
649,Nakskov,DK,46.15,few clouds,54.8373,11.1284,Hotel Harmonien
651,Kloulklubed,PW,81.1,overcast clouds,7.0419,134.2556,Storyboard Beach Resort
652,Teluk Nibung,ID,88.16,few clouds,3.001,99.8164,Hotel Assyifa
653,Doha,QA,75.51,clear sky,25.2867,51.5333,Movenpick Hotel Doha
654,Bahir Dar,ET,78.21,few clouds,11.5936,37.3908,"Delano Hotel, Bahir Dar"
655,Kokopo,PG,83.17,light rain,-4.352,152.2633,Kokopo Beach Bungalow Resort
656,Farafangana,MG,82.02,clear sky,-22.8167,47.8333,Miarina
658,Praia Da Vitoria,PT,59.25,broken clouds,38.7333,-27.0667,Hotel Branco I
660,Kimbe,PG,82.78,broken clouds,-5.5502,150.1429,Kimbe Bay Hotel
661,Mingaora,PK,81.32,clear sky,34.7758,72.3625,Burj Al Swat
662,Arkhangelsk,RU,23.11,broken clouds,64.5401,40.5433,DVINA HOTEL
663,Asau,RO,46.96,broken clouds,46.4333,26.4,Casa Mika Ciobanus
664,Vestmanna,FO,45.52,overcast clouds,62.1564,-7.1664,Vestmanna Camping
665,Sabang,ID,83.26,overcast clouds,5.8933,95.3214,Hotel Citra
666,Adeje,ES,64.56,broken clouds,28.1227,-16.726,Gran Tacande Wellness & Relax
667,Weligama,LK,87.1,clear sky,5.9667,80.4167,Weligama Bay Resort
668,Ivanava,BY,32.5,broken clouds,52.1451,25.5365,Bed&Breakfast Valeria
669,San Andres,CO,78.82,scattered clouds,12.5847,-81.7006,Hotel Arena Blanca
670,Hamilton,US,30.88,overcast clouds,39.1834,-84.5333,Six Acres Bed & Breakfast
671,Atasu,KZ,31.96,light snow,48.6814,71.6433,Dostyk
672,Boa Vista,BR,80.58,broken clouds,2.8197,-60.6733,Aipana Plaza Hotel
673,Blackwater,AU,87.8,scattered clouds,-23.5833,148.8833,Blackwater Motor Inn
674,Tomatlan,MX,62.73,clear sky,19.9333,-105.25,El Salvial
675,Antalaha,MG,84.76,scattered clouds,-14.9003,50.2788,Hotel Vitasoa
676,Vestmannaeyjar,IS,46.09,overcast clouds,63.4427,-20.2734,Glamping & Camping
677,Cumana,VE,74.91,overcast clouds,10.4635,-64.1775,Posada Acuarela Los Roques
678,Muros,ES,55.6,overcast clouds,42.7762,-9.0603,Apartment Av. Castelao
679,Nouadhibou,MR,62.92,overcast clouds,20.931,-17.0347,El Medina
680,Olafsvik,IS,33.91,overcast clouds,64.8945,-23.7142,Hotel Olafsvik
681,Caravelas,BR,75.27,few clouds,-17.7125,-39.2481,Pousada dos Navegantes
682,Brigantine,US,41.05,clear sky,39.4101,-74.3646,Legacy Vacation Resorts - Brigantine Beach
684,Sept-Iles,CA,28.92,mist,50.2001,-66.3821,Comfort Inn
685,Badou,TG,76.15,scattered clouds,7.5833,0.6,H√¥tel Abuta
686,Tazovskiy,RU,4.82,broken clouds,67.4667,78.7,TazHostel
687,Miram Shah,PK,84.92,clear sky,33.0086,70.0697,Bachelor Hostel
688,Datong,CN,47.05,clear sky,40.0936,113.2914,Holiday Inn Datong City Centre
689,Masterton,NZ,57.88,overcast clouds,-40.9597,175.6575,Copthorne Hotel & Resort Solway Park Wairarapa
690,Camargo,MX,62.49,overcast clouds,27.6667,-105.1667,Hotel Santa Fe
691,Wick,GB,37.45,overcast clouds,58.4333,-3.0833,Mackays Hotel
692,Ewa Beach,US,73.6,clear sky,21.3156,-158.0072,Base Lodging
